﻿{

  "account": {
    "id": 3,
    "login": "admin",
    "firstName": "Administrator",
    "lastName": "Administrator",
    "email": "admin@localhost",
    "imageUrl": "",
    "activated": true,
    "langKey": "zh-tw",
    "createdBy": "system",
    "createdDate": "2017-12-12T02:48:54Z",
    "lastModifiedBy": "system",
    "lastModifiedDate": null,
    "authorities": [ "ROLE_USER", "ROLE_ADMIN" ]
  },
  "usersttings": {

  },
  "menu": [
    {
      "text": "主导航",
      "translate": "menu.main_navigation",
      "group": true,
      "children": [
        {
          "text": "仪表盘",
          "translate": "menu.dashboard",
          "link": "/dashboard",
          "icon": "icon-speedometer",
          "children": [
            {
              "text": "仪表盘",
              "link": "/dashboard/v1",
              "translate": "menu.dashboard_v1"
            },
            {
              "text": "分析页",
              "link": "/dashboard/analysis",
              "translate": "menu.dashboard_analysis"
            },
            {
              "text": "Monitor",
              "link": "/dashboard/monitor",
              "translate": "menu.dashboard_monitor"
            },
            {
              "text": "Workplace",
              "link": "/dashboard/workplace",
              "translate": "menu.dashboard_workplace"
            }
          ]
        },
        {
          "text": "Report",
          "translate": "menu.report",
          "icon": "anticon anticon-cloud-o",
          "link": "/data-v/relation",
          "reuse": false
        }
      ]
    }
  ]
}
